w;25
na;18
pogoda;17
praca;14
z;12
się;12
nie;12
i;11
to;10
do;9
wp;7
tak;6
o;6
już;5
kalkulator;4
piłka;4
żywo;4
putin;4
rosja;4
ma;4
będzie;4
zdjęcie;4
wiadomości;3
wrocław;3
pracy;3
finanse;3
2020;3
testy;3
dania;3
żużel;3
nożna;3
jest;3
polaków;3
polak;3
po;3
mocarstwo;3
tv;2
pogodowe;2
polsce;2
warszawa;2
łódź;2
kraków;2
bydgoszcz;2
poznań;2
gdynia;2
radom;2
oferty;2
za;2
2021;2
walut;2
katalog;2
numer;2
moto;2
ogłoszenia;2
samochody;2
turystyka;2
wyspy;2
gwiazdy;2
małgorzata;2
seriale;2
talent;2
czerwony;2
dywan;2
kuchnia;2
informacje;2
horoskop;2
mariusz;2
patryk;2
jaki;2
sport;2
siatkówka;2
f1;2
polski;2
zdrowie;2
pomoc;2
walki;2
gra;2
polską;2
warszawie;2
ukrainy;2
słowa;2
komentarz;2
chciał;2
chce;2
niepokojące;2
rosjanie;2
pod;2
ws;2
nadchodzi;2
największy;2
finał;2
co;2
rosji;2
nowego;2
dariusz;2
faron;2
iga;2
meczu;2
on;2
szaleństwo;2
włącz;1
tryb;1
ciemny;1
oszczędzaj;1
energię;1
wzrok;1
jak;1
działa;1
sprawdzamy;1
pogodę;1
dla;1
ciebie;1
poczta;1
online;1
usługi;1
zakopane;1
gdańsk;1
lublin;1
białystok;1
częstochowa;1
kielce;1
praca.money.pl;1
szczecin;1
katowice;1
granicą;1
miastach;1
listy;1
ofert;1
szukane;1
popularne;1
stanowiska;1
wynagrodzenia;1
biznes;1
money.pl;1
pit;1
giełda;1
kursy;1
firma;1
rejestr;1
firm;1
prawo;1
ppk;1
wynagrodzeń;1
emerytury;1
sesje;1
elixir;1
agrobiznes;1
składki;1
zus;1
technologie;1
tech;1
komórkomania;1
fotoblogia;1
gadżetomania;1
gry;1
telefonów;1
tabletów;1
aparatów;1
fotograficznych;1
obiektywów;1
czyj;1
dobreprogramy;1
darmowe;1
programy;1
obróbki;1
zdjęć;1
lucky;1
patcher;1
ccleaner;1
winrar;1
utorrent;1
daemon;1
tools;1
lite;1
polygamia;1
autokult;1
autocentrum;1
dane;1
techniczne;1
sprawdź;1
vin;1
lpg;1
kw;1
km;1
wirtualny;1
alkomat;1
dziennik;1
kosztów;1
motoryzacyjne;1
opinie;1
zderzeniowe;1
samochodów;1
używane;1
elektryczne;1
taryfikator;1
mandatów;1
2022;1
narty;1
wakacje;1
nocowanie;1
plaże;1
egzotyka;1
podróży;1
miasta;1
weekend;1
poza;1
miastem;1
dziećmi;1
aktywnie;1
porady;1
wideo;1
show-biznes;1
anna;1
lewandowska;1
teleshow;1
pudelek;1
justin;1
bieber;1
julia;1
wieniawa;1
rozenek;1
selena;1
gomez;1
polskie;1
zagraniczne;1
show;1
taniec;1
gwiazdami;1
the;1
voice;1
of;1
poland;1
milionerzy;1
żurek;1
mazurek;1
jajka;1
faszerowane;1
bigos;1
babka;1
makowiec;1
keks;1
pasztet;1
kaczka;1
pieczona;1
sernik;1
wegetariańskie;1
bezglutenowe;1
wegańskie;1
sałatki;1
newsy;1
wawalove;1
mateusz;1
morawiecki;1
wybory;1
prezydenckie;1
janusz;1
korwin-mikke;1
błaszczak;1
tomasz;1
grodzki;1
kamiński;1
olga;1
tokarczuk;1
ludzie;1
donald;1
trump;1
andrzej;1
duda;1
gersdorf;1
marian;1
banaś;1
sportowefakty;1
ekstraliga;1
ekstraklasa;1
skoki;1
narciarskie;1
koszykówka;1
reprezentacja;1
piłce;1
nożnej;1
euro;1
robert;1
lewandowski;1
mecze;1
wyniki;1
meczów;1
igrzyska;1
olimpijskie;1
tokio;1
rozrywka;1
styl;1
dom;1
facet;1
kafeteria;1
kobieta;1
książki;1
film;1
vibez;1
radar;1
okazji;1
domodi;1
nieruchomości;1
kody;1
rabatowe;1
foto;1
dziecko;1
ciąża;1
poród;1
parenting;1
ranking;1
lekarzy;1
rozwój;1
dziecka;1
żywienie;1
fitness;1
uroda;1
aktywność;1
fizyczna;1
psychologia;1
leki;1
suplementy;1
seks;1
kalkulatory;1
pierwsza;1
badania;1
pytania;1
specjalistów;1
tym;1
żyje;1
polska;1
konsensus;1
ukraińcy;1
tylko;1
czekają;1
dziadkowie;1
podpisał;1
ustawę;1
hurkacz;1
silnym;1
rywalem;1
świetny;1
początek;1
polaka;1
zełenski;1
odrzuca;1
propozycje;1
zachodu;1
zabójstwo;1
dramat;1
kortach;1
rolanda;1
garrosa;1
mecz;1
natychmiastowo;1
przerwano;1
ogłasza;1
sukces;1
cyrkon;1
wystrzelony;1
nato;1
odpowiedź;1
wszystko;1
jasne;1
była;1
tajna;1
misja;1
wywiadu;1
azowstalu;1
pompowanie;1
rozmawiał;1
macronem;1
scholzem;1
szale;1
powodem;1
alandzkie;1
nawet;1
kukiz;1
wycofał;1
polityk;1
zmianie;1
podczas;1
wyborów;1
fala;1
opętań;1
egzorcyści;1
alarmują;1
macierewicz;1
straszy;1
pójściem;1
kamasze;1
apel;1
lekarza;1
chodzi;1
wizyty;1
przychodniach;1
szydło;1
wskazała;1
winnego;1
zaskakujące;1
kpo;1
gwiazdorzy;1
polskiego;1
kina;1
ławie;1
oskarżonych;1
rozegrał;1
niemców;1
brutalny;1
der;1
spiegel;1
wyciekły;1
instrukcje;1
chin;1
zabić;1
zamyka;1
pierścień;1
decyzja;1
ukraińców;1
tragiczna;1
zrobić;1
dzieckiem;1
szybka;1
akcja;1
zdemolowane;1
ule;1
śmierć;1
milionów;1
pszczół;1
czarnek;1
zmian;1
leci;1
usa;1
białorusini;1
ratują;1
rosyjskich;1
żołnierzy;1
ekspert;1
szczegółach;1
ustalenia;1
chcą;1
wrócić;1
kijów;1
szokujące;1
doniesienia;1
strzelaniny;1
teksasie;1
granicy;1
ukraińsko-białoruskiej;1
schwytali;1
cudzoziemców;1
walczących;1
ukrainę;1
cios;1
od;1
24;1
lat;1
zwiększa;1
ryzyko;1
zawału;1
kardiolog;1
zna;1
umiaru;1
kończy;1
zrywanie;1
umów;1
budowy;1
dróg;1
głośnej;1
afery;1
pokazać;1
zrobi;1
6;1
minut;1
kadyrow;1
ośmieszył;1
maluj;1
siedź;1
domu;1
dochodzi;1
masowych;1
gwałtów;1
ogłosił;1
bankructwo;1
zobaczcie;1
samochód;1
miała;1
być;1
wielką;1
gwiazdą;1
tvn;1
przykre;1
czym;1
musi;1
zmagać;1
mąż;1
zostawił;1
ją;1
oczach;1
całej;1
ani;1
myśli;1
szukać;1
wydawało;1
abstrakcją;1
dzisiaj;1
takie;1
wsparcie;1
możliwe;1
paweł;1
figurski;1
koszt;1
wielki;1
właśnie;1
dlatego;1
ukraina;1
czasu;1
stracenia;1
sebastian;1
łupak;1
ciało;1
jeden;1
pytanie;1
brzmi;1
którego;1
putina;1
pokażą;1
rihanny;1
ale;1
jej;1
najnowsze;1
dzieło;1
dziewczynka;1
największymi;1
oczami;1
wygląda;1
latach;1
cichy;1
zabójca;1
czai;1
klamka;1
zapadła;1
zdecydowało;1
ognisty;1
deszcz;1
spadnie;1
rosjan;1
porzucona;1
środku;1
drogi;1
internauci;1
wietrzą;1
podstęp;1
kelnerki;1
dowierzały;1
zostawiły;1
im;1
klientki;1
stole;1
nikołaj;1
markow;1
zlikwidowany;1
przemilczałem;1
większość;1
hakiel;1
cichopek;1
wytrzymał;1
roznegliżowany;1
dorociński;1
przed;1
aparatem;1
wszedł;1
kupuj;1
tania;1
część;1
da;1
staremu;1
komputerowi;1
moc;1
macbooka;1
ziobro;1
zostanie;1
odwołany;1
kancelarii;1
prezydenta;1
fatalna;1
prognoza;1
zmiana;1
pogodzie;1
prosi;1
ławrowa;1
akt;1
desperacji;1
dość;1
zawstydzania;1
nieidealnym;1
ciałem;1
pokazała;1
bikini;1
przerażające;1
odkrycie;1
suknią;1
wesele;1
zamieniło;1
horror;1
przyszła;1
miss;1
polonia;1
przyćmiła;1
kandydatki;1
popularny;1
krem;1
wycofany;1
ze;1
sprzedaży;1
lepiej;1
używać;1
katastrofa;1
titanica;1
eksperci;1
ujawniają;1
nieznane;1
dotąd;1
dokumenty;1
dozbraja;1
spłukali;1
pomagając;1
ukrainie;1
radosław;1
korzycki;1
zły;1
człowiek;1
bronią;1
kto;1
ich;1
wreszcie;1
powstrzyma;1
słowik;1
ta;1
rozmowa;1
spodoba;1
ziobrze;1
adwokaci;1
odpuszczą;1
zrobiła;1
serce;1
podeszło;1
mi;1
gardła;1
dzieci;1
zabrały;1
głos;1
zawsze;1
przyznaję;1
że;1
mój;1
tata;1
przejdź;1
magazyn;1
tenis;1
ręczna;1
sporty;1
lawina;1
komentarzy;1
igi;1
świątek;1
kolejny;1
hit;1
naprawdę;1
napisała;1
kamerze;1
lewy;1
okładce;1
słynnej;1
gazety;1
odchodzi;1
bo;1
przychodzi;1
sensacyjne;1
wieści;1
arkadiusza;1
milika;1
awantura;1
wieczystej;1
figura;1
petarda;1
wystarczyło;1
polki;1
skąpym;1
ubraniu;1
kompromitacja;1
rosjaninem;1
czy;1
polakiem;1
totalne;1
kielcach;1
roland;1
garros;1
odpada;1
chorzowie;1
biletów;1
brak;1
liverpool;1
barcelony;1
media;1
bayern;1
wycenił;1
gnabryego;1
koszmar;1
kierowcy;1
alfy;1
romeo;1
ivan;1
perisić;1
zmienia;1
klub;1
wielka;1
gwiazda;1
opuszcza;1
ligę;1
kuźnia;1
talentów;1
dzwonią;1
podopieczna;1
sierzputowskiego;1
zatrzymana;1
poranny;1
trening;1
lewandowskich;1
robi;1
furorę;1
wystąpił;1
problem;1
wyświetleniem;1
strony;1
kliknij;1
tutaj;1
aby;1
wyświetlić;1
