polska;9
polaków;9
wybrane;9
quiz;9
–;9
2022;8
polski;8
sprawdź;7
mieszkania;7
oferty;7
putina;7
zdjęcia;7
słowa;7
zobaczcie;7
warszawa;6
warto;6
nieruchomości;6
morizon.pl;6
pis;6
historia;6
lata;6
płatne;6
gry;5
auto;5
dodaj;5
10;5
holandią;5
wygląda;5
polskiej;5
wielki;5
objawy;5
miejsce;5
kobiety;5
polsce;5
polacy;5
serca;5
chce;5
nowy;5
rosyjskie;5
wakacje;5
trzy;5
zobacz;5
wideo;4
porady;4
życia;4
jędrzejczyk;4
rzeczy;4
pkt;4
zdobywają;4
dni;4
lista;4
7;4
świata;4
meczu;4
gorące;4
vod.pl;4
wojny;4
dom;4
cena;4
urządzenie;4
najlepsze;4
nowe;4
mówią;4
ogłoszenia;3
wiadomości;3
kultura;3
aut;3
gratka.pl;3
szybko;3
nieruchomość;3
domy;3
działki;3
nowych;3
program;3
tv;3
lewandowskiego;3
kartka;3
joanna;3
karierę;3
putin;3
mecz;3
wiedzy;3
mały;3
bieber;3
naukowcy;3
wiedzieć;3
atak;3
rosji;3
chciał;3
zginął;3
ceny;3
paliw;3
wyjaśniamy;3
czego;3
polskie;3
świecie;3
przekazał;3
3;3
trik;3
porażka;3
skandal;3
ukrainy;3
hit;3
najbardziej;3
robić;3
wielka;3
r;3
inaczej;3
trafi;3
model;3
ciało;3
swojej;3
najlepsi;3
prezesa;3
20;3
14;3
pierwszy;3
stylu;3
najlepiej;3
—;3
kim;3
modele;3
pięć;3
swój;3
praca;3
prawdziwa;3
benzyny;3
pomóc;3
każdego;3
nowoczesny;3
ukraińców;3
chorobę;3
masz;3
męża;3
największy;3
12;3
szukaj;2
sport;2
biznes;2
białystok;2
brytania;2
kraków;2
motoryzacja;2
autoswiat.pl;2
kupić;2
ogłoszenie;2
sprzedaj;2
zmień;2
przenieś;2
centrum;2
dewelopera;2
styl;2
technologie;2
podróże;2
życie;2
weekend;2
michniewicz;2
pokazówki;2
działaczami;2
roli;2
ludu;2
symbol;2
zakończyła;2
reakcja;2
robi;2
zmęczenie;2
wojną;2
chęć;2
pomagania;2
ukraińcom;2
maleje;2
raport;2
ogólnej;2
40;2
kujoni;2
awantura;2
telewizji;2
wytrzymał;2
cukrzycy;2
widać;2
paznokciach;2
szczegół;2
znaczący;2
cierpi;2
zespół;2
ramsaya;2
hunta;2
seks;2
niebie;2
opuściły;2
sektę;2
flds;2
sensacyjne;2
odkrycie;2
archiwum;2
tajemniczej;2
kultury;2
zbiorniku;2
wodnym;2
odmówili;2
rozkazu;2
spotkało;2
kulisy;2
historii;2
wybór;2
chin;2
żyje;2
15-latek;2
nożownika;2
rosja;2
plan;2
plaży;2
popularne;2
rekordowe;2
drogo;2
nowa;2
wstydu;2
mama;2
nietypowy;2
zawód;2
będziesz;2
szoku;2
przyprawy;2
ogórków;2
kiszonych;2
twarde;2
chrupiące;2
słyną;2
wsie;2
zdobycie;2
7/10;2
lada;2
wyzwanie;2
największa;2
religijny;2
odbiór;2
zaglądali;2
ewangelii;2
pijani;2
bezdomni;2
terroryzują;2
mieszkańców;2
osiedla;2
jaworznie;2
żyjemy;2
m²;2
pięciu;2
myje;2
łatwo;2
kłótnię;2
kradniesz;2
drewno;2
lasu;2
uważaj;2
leśników;2
polka;2
oceniamy;2
thrillerze;2
sprawie;2
f1;2
hity;2
premiera;2
widzów;2
filmów;2
wyrzucaj;2
ogonków;2
czereśni;2
właściwości;2
zaskoczą;2
uprawiać;2
najemca;2
opuścić;2
kolejny;2
kraj;2
celowniku;2
recepta;2
lubiane;2
miejsca;2
chorwacji;2
zakaz;2
crossover;2
usa;2
najstarszy;2
uważa;2
bliski;2
trafili;2
bmw;2
syna;2
trudny;2
filmowy;2
punkty;2
ksiądz;2
przeżył;2
tragiczną;2
burzę;2
górach;2
razy;2
raził;2
piorun;2
prl-u;2
pamiętasz;2
pracy;2
szybki;2
zwierząt;2
miał;2
paraliż;2
pożar;2
miasteczka;2
wolności;2
warszawy;2
treści;2
władza;2
koniec;2
serial;2
noc;2
najważniejsze;2
tvp;2
duch;2
święty;2
kaczyński;2
odejdzie;2
rządu;2
emerytura;2
zwala;2
nóg;2
żyć;2
absurdalne;2
ławrowa;2
zajmuje;2
tereny;2
zabłysnęli;2
kadrze;2
równie;2
słuch;2
zaginął;2
ukraińcy;2
funkcji;2
11;2
problem;2
gra;2
aktualności;2
testy;2
współpracy;2
pięty;2
działają;2
dużą;2
miasta;2
ból;2
śmierć;2
pozostaje;2
grozy;2
lato;2
musisz;2
mieć;2
będziemy;2
bije;2
kieszeni;2
miliony;2
zełenski;2
słyszeć;2
kijów;2
reaguje;2
bidena;2
chcą;2
pij;2
syrop;2
rano;2
wieczorem;2
oczyści;2
płuca;2
palacza;2
mamy;2
gwiazdy;2
bareja;2
prowadził;2
nielegalny;2
interes;2
angażował;2
dzieci;2
hybrid;2
darmo;2
bazy;2
generał;2
wywiadu;2
fsb;2
wystarczy;2
13;2
pracuje;2
ibiszowie;2
mieszkają;2
odnowionej;2
kamienicy;2
wnętrza;2
walkę;2
robert;2
krwią;2
kochanka;2
pokazała;2
zmienionym;2
wyglądzie;2
zabił;2
zakup;2
rynek;2
budują;2
system;2
zwalczania;2
dronów;2
akcji;2
sposoby;2
park;2
warszawie;2
idealne;2
zasady;2
sprzedaż;2
najnowsze;2
całej;2
onecie;2
wysoki;2
widział;2
jeść;2
wieści;2
domowe;2
łodzi;2
dyrektor;2
lubią;2
ponownie;2
królewski;2
legia;2
sympatia;1
vod;1
e-mail;1
regionalne;1
kujawsko-pomorskie;1
łódź;1
poznań;1
śląsk;1
wrocław;1
kielce;1
lublin;1
olsztyn;1
rzeszów;1
trójmiasto;1
irlandia;1
lubuskie;1
opole;1
szczecin;1
samochód;1
eksploatacja;1
tajemnic;1
używane;1
osobowych;1
znajdź;1
wymarzone;1
sprzedajesz;1
sprzedasz;1
szybciej;1
wynajmij;1
aktualne;1
większe;1
postaw;1
przestrzeń;1
komercyjne;1
dostosuj;1
biuro;1
lokal;1
okoliczności;1
inwestycje;1
deweloperskie;1
wybierz;1
prosto;1
kredyty;1
hipoteczne;1
lendi.pl;1
stać;1
porównaj;1
banków;1
для;1
українців;1
найновіша;1
інформація;1
onet.pl;1
український;1
простір;1
оголошення;1
транспорт;1
проживання;1
робота;1
інше;1
gwiazd;1
gotowanie;1
prognoza;1
smogowa;1
horoskop;1
dojadę;1
onetem;1
komentarz;1
odrobił;1
lekcję;1
umie;1
grać;1
podcast;1
partii;1
plany;1
przyszłość;1
bezpowrotnie;1
znikną;1
choć;1
powszechne;1
czesław;1
rzucił;1
żart;1
golu;1
casha;1
szybka;1
die;1
welt;1
spektakularny;1
powrót;1
nicolasa;1
maduro;1
ważna;1
informacja;1
wierzy;1
spadkobiercą;1
bizancjum;1
fakt;1
zdziwić;1
świetny;1
komentarze;1
walce;1
panie;1
szacuneczek;1
sytuacja;1
grupie;1
ciekawie;1
wchodzi;1
debiutant;1
pękł;1
gości;1
chińskie;1
mądrości;1
zastanowić;1
sparaliżowane;1
pół;1
twarzy;1
ziemia;1
płaskim;1
dyskiem;1
kłamią;1
spisek;1
banan;1
plamami;1
skórce;1
nadaje;1
jedzenia;1
żywo;1
śmiertelny;1
wieś;1
mafia;1
węglowa;1
samobójstwa;1
posłanki;1
wywołały;1
poruszenie;1
przejdzie;1
stetryczały;1
starzec;1
gość;1
programu;1
boże;1
wierzę;1
jedyny;1
ostra;1
zapowiedź;1
powstrzymać;1
tłumy;1
rekolekcjach;1
adama;1
szustaka;1
ukraiński;1
wywiad;1
120;1
zaginęła;1
49-letnia;1
katarzyna;1
frączek;1
rozerwany;1
minę;1
kraje;1
dalej;1
utrzymują;1
kontakt;1
moskwą;1
król;1
polskiego;1
sprintu;1
najszybszy;1
lekarz;1
zaleca;1
łóżkowy;1
rozwód;1
władimir;1
zasłabł;1
interweniowali;1
medycy;1
wykonania;1
białorusinów;1
prelude;1
jednostka;1
pływająca;1
wyporność;1
sześciu;1
lotniskowców;1
fantastyczne;1
widowisko;1
brawo;1
remisujemy;1
polonia;1
euforii;1
bułgarią;1
ln;1
zaskakujący;1
wpis;1
zbigniewa;1
bońka;1
padły;1
mocne;1
leo;1
beenhakker;1
spotkał;1
lewym;1
fatalne;1
informacje;1
anity;1
włodarczyk;1
memy;1
holandia;1
jagiellonia;1
nowego;1
trenera;1
księgowa;1
rzeszowie;1
załamana;1
navratilova;1
skomentowała;1
clijsters;1
zieliński;1
wskazuje;1
mankamenty;1
kadry;1
niemiecki;1
dziennikarz;1
reputacji;1
lewego;1
kibic;1
przyjechał;1
gkm-em;1
leszna;1
nagrodzony;1
piłka;1
tenis;1
siatkówka;1
ręczna;1
żużel;1
kolarstwo;1
boks;1
mma;1
skoki;1
esport;1
ekstraklasa;1
felietony;1
ps;1
obejrzeć;1
filmy;1
disney;1
którą;1
czekają;1
odkryj;1
nadchodzącego;1
światowego;1
hitu;1
podbił;1
nominowany;1
oscara;1
wzruszających;1
minionego;1
oparty;1
bestsellerze;1
galicji;1
mężatki;1
mogły;1
prostytucję;1
warunek;1
paulina;1
nianią;1
znajomi;1
dziwili;1
zarabiała;1
krocie;1
dzierżawiła;1
99;1
2047;1
utraci;1
autonomię;1
pieców;1
gazowych;1
rewolucja;1
przekop;1
mierzei;1
wiślanej;1
kanale;1
woda;1
film;1
marki;1
wciąż;1
naszym;1
rynku;1
rosjanie;1
przyjadą;1
wyglądać;1
morawiecki;1
podał;1
wpłyną;1
pierwsze;1
transze;1
kpo;1
ucieramy;1
partnerami;1
brukseli;1
niemcy;1
przekażą;1
sprzęt;1
obronny;1
ukrainie;1
miejski;1
czas;1
drogich;1
ser;1
żywe;1
larwy;1
owadów;1
benzyna;1
najdroższa;1
manhattanie;1
bliżej;1
odblokowania;1
wiatraków;1
lądzie;1
chrust;1
plus;1
gałęzi;1
potrzeba;1
ogrzać;1
zea;1
czarną;1
listę;1
pomoc;1
rosyjskim;1
oligarchom;1
bogu;1
prezydent;1
gryzł;1
język;1
giełda;1
waluty;1
surowce;1
kryptowaluty;1
przełamuje;1
schematy;1
zupełnie;1
design;1
dobra;1
japończycy;1
dziesiątkę;1
pokochali;1
dziwnego;1
nadciąga;1
technologiczny;1
gigant;1
sportowa;1
jakość;1
podrobienia;1
znalazł;1
płocie;1
uwierzył;1
policji;1
wyszła;1
mąż;1
wdowca;1
kazał;1
sprzątać;1
grób;1
zmarłej;1
żony;1
chwast;1
wie;1
leczniczych;1
właściwościach;1
niełatwy;1
tamte;1
czasy;1
zje;1
hepatolog;1
produkt;1
wątroba;1
wyjątkowo;1
lubi;1
kierowcy;1
wiedzą;1
sytuacji;1
pierwszeństwo;1
imprezie;1
integracyjnej;1
bałam;1
iść;1
biorę;1
kapustę;1
trochę;1
mięsa;1
gotuję;1
niesamowicie;1
pyszny;1
obiad;1
87;1
starych;1
fotografiach;1
140;1
potrzebuje;1
pomocy;1
rozpaczliwy;1
apel;1
znajdek;1
puste;1
stacje;1
namiotów;1
wyrok;1
zabójstwo;1
16-latki;1
sochaczew;1
szykował;1
wizytę;1
komunikacyjny;1
mediaklub;1
krzywdził;1
tekście;1
newsweeka”;1
postawiono;1
zarzutów;1
odgrodziła;1
poważne;1
kłopoty;1
„to;1
robi”;1
pacanów;1
głosował;1
pojechaliśmy;1
sprawdzić;1
bóle;1
głowy;1
„nadal;1
stoją;1
stronie;1
twardo”;1
beztroskiego;1
klasy;1
średniej;1
standard;1
pogarsza;1
miesiąca;1
miesiąc;1
szef;1
wesele;1
nomadland;1
after;1
ocal;1
kontrowersyjny;1
inspirowany;1
wyciekiem;1
sekstaśmy;1
pameli;1
anderson;1
aktorski;1
osadzony;1
gwiezdnych;1
wojen;1
nagrodzona;1
oscarem;1
słodko-gorzka;1
komedia;1
podbiła;1
przejmujący;1
dramat;1
matce;1
synu;1
przechodzą;1
ciężką;1
próbę;1
catherine;1
deneuve;1
uma;1
thurman;1
tim;1
roth;1
małżeństwo;1
szalonej;1
komedii;1
tarantino;1
uprowadzona;1
zaginiona;1
gerard;1
butler;1
cofnie;1
niczym;1
zostawił;1
kamerkę;1
sypialni;1
nagranie;1
zmroziło;1
forbes;1
charity;1
night;1
wylicytuj;1
trening;1
squasha;1
kolację;1
redaktorem;1
naczelnym;1
onetu;1
dawne;1
klozet-kuchni;1
jagger;1
richards;1
przyjaźnimy;1
uroczysta;1
gala;1
orłów;1
statuetki;1
aidy;1
traci;1
pracowników;1
zdradzają;1
03:33;1
budzimy;1
niepokojem;1
przechowywać;1
cytryny;1
pomalować;1
łazienkę;1
praktyczne;1
wskazówki;1
świadkowie;1
jehowy;1
show-biznesu;1
rosyjscy;1
twórcy;1
putinie;1
kino;1
seriale;1
imię;1
ojca;1
ducha;1
świętego;1
zakochała;1
żonaty;1
rywalka;1
dawała;1
lektury;1
szkolne;1
punktów;1
podstawa;1
podbiegające;1
psy;1
smyczy;1
poradzisz;1
syn;1
chłopiec;1
twierdził;1
wolę;1
uchodzić;1
zazdrosną;1
wariatkę;1
trójkącie;1
ponure;1
dzieciństwo;1
monarszych;1
córek;1
zbędne;1
subtelny;1
wczesny;1
objaw;1
raka;1
zauważysz;1
talerzu;1
ranking;1
słuchawek;1
topowe;1
miło;1
zaskakują;1
ceną;1
tajne;1
magazyny;1
rosjan;1
ukrytych;1
iphone’a;1
znać;1
pozwala;1
widzieć;1
ściany;1
windows;1
dyski;1
hdd;1
tani;1
klimatyzator;1
dostępny;1
lidlu;1
wyprodukowała;1
laptop;1
weryfikacji;1
użytkowników;1
sieci;1
jaką;1
broń;1
produkuje;1
pełna;1
genialna;1
playstation;1
pc;1
google;1
maps;1
usunęło;1
istniejące;1
granice;1
postrach;1
rosyjskich;1
czołgów;1
nowym;1
sprzętu;1
darmowe;1
programy;1
it;1
premium;1
sekcja;1
skąpiec.pl;1
kosmetyki;1
zapewnią;1
gładkie;1
wizyty;1
salonie;1
tanie;1
komarami;1
pomoże;1
skuteczne;1
gotowi;1
rewolucyjny;1
coupe;1
bazowej;1
wersji;1
wyspa;1
cieszy;1
popularnością;1
wśród;1
superceny;1
rok;1
wprost;1
stworzone;1
wnętrze;1
uczta;1
oczu;1
słynny;1
mebel;1
wrócił;1
łask;1
perełka;1
telewizory;1
65-calowe;1
możesz;1
kupować;1
ciemno;1
bestsellery;1
lexusa;1
rx;1
korzyścią;1
jakiej;1
innowacyjne;1
materace;1
technologią;1
airforce;1
pomogą;1
pleców;1
alergię;1
wyprzedaż;1
sinsay;1
lekka;1
sukienka;1
kwiaty;1
39,99;1
bestseller;1
megaobniżka;1
przegląd;1
klimatyzacji;1
99,9;1
proc;1
skuteczności;1
dezaktywacji;1
wirusów;1
brutalnie;1
pobity;1
zagadką;1
artur;1
widzi;1
chodzi;1
żona;1
odeszła;1
zdrową;1
córką;1
drożyzna;1
polskim;1
morzem;1
mielno;1
walczy;1
paragonami;1
1;1
wehikułu;1
samochodzika;1
inspiracje;1
reserved;1
nowej;1
kolekcji;1
buty;1
modniejsze;1
myślisz;1
latem;1
nosić;1
przerwy;1
wyjątkowe;1
naszyjniki;1
podbijają;1
kobiece;1
szukamy;1
najpiękniejszych;1
biżuteria;1
znakami;1
zodiaku;1
idealna;1
prezent;1
modne;1
spódnice;1
lekkości;1
letnim;1
cztery;1
najmodniejsze;1
sandałów;1
insulinooporności;1
wolno;1
ignorować;1
twierdza;1
artyleryjska;1
hanička;1
kosztowała;1
spełniła;1
mięso;1
armatnie;1
buriaci;1
ginąć;1
statystyki;1
jednoznaczne;1
godzinie;1
umiera;1
najwięcej;1
osób;1
19;1
koło;1
poznania;1
nietypowe;1
rozwiązanie;1
wejściu;1
cel;1
uciekł;1
auschwitz;1
szans;1
pożegnaj;1
kiedyś;1
rodzinę;1
moją;1
15;1
wychowały;1
granicą;1
zaskoczenie;1
pijany;1
sterował;1
ruchem;1
zatrzymał;1
policję;1
sprzedaży;1
spalinowych;1
nissan;1
juke;1
1.6;1
pierwsza;1
jazda;1
suv;1
forda;1
praktyczny;1
denerwujące;1
samochodach;1
duże;1
kolejki;1
granicy;1
białorusią;1
takim;1
aucie;1
pewno;1
wyróżnisz;1
piotr;1
kraśko;1
oskarżony;1
jazdę;1
uprawnień;1
numer;1
vin;1
audi;1
seat;1
bliźniaczych;1
modeli;1
eco;1
prosty;1
test;1
alzheimera;1
ołówek;1
34;1
dokumentuje;1
hodowlanych;1
odwiedziłem;1
piekło;1
ziemi;1
post;1
przerywany;1
wpływa;1
masę;1
mięśniową;1
reunion;1
przeprowadziliśmy;1
raju;1
adam;1
szustak;1
powodu;1
żeń;1
pszczoły;1
wkładają;1
mózgu;1
kryształ;1
prowadzi;1
planetę;1
umarłych;1
grzybica;1
stóp;1
pozbyć;1
problemu;1
ptaki;1
atakują;1
prędkością;1
160;1
km/h;1
par;1
grupę;1
krwi;1
wyróżnia;1
zapomniana;1
katastrofa;1
lotnicza;1
poznaniu;1
mija;1
70;1
tragedii;1
nadchodzi;1
superpełnia;1
księżyca;1
izraelu;1
pytania;1
kontrole;1
przeszukania;1
list;1
redakcji;1
prześcieradło;1
gumką;1
znasz;1
najgorsze;1
kąpieliska;1
austrii;1
zjechałem;1
niemieckiej;1
autostrady;1
znalazłem;1
pięknego;1
relacja;1
plaże;1
góry;1
zabytki;1
unesco;1
kuchnia;1
inwazja;1
ukrainę;1
pasja;1
podróży;1
internauci;1
przestają;1
kpić;1
rosnących;1
cen;1
uchwycono;1
wyjątkowy;1
moment;1
żmija;1
rozprawia;1
ofiarą;1
halejcio;1
odważnej;1
stylizacji;1
gali;1
spójrzcie;1
kubicką;1
mourinho;1
ostrzegał;1
polakiem;1
reprezentant;1
fabryce;1
serów;1
21;1
kluczowych;1
wydarzeń;1
ii;1
światowej;1
auta;1
nieudacznikiem;1
najciekawsze;1
przysłowia;1
przywiezione;1
izraela;1
dają;1
myślenia;1
mniej;1
znanych;1
bitew;1
miały;1
wpływ;1
dzieje;1
cichy;1
zabójca;1
wątroby;1
daje;1
objawów;1
wczesne;1
małpiej;1
ospy;1
sygnały;1
izolować;1
noizz;1
śmierdzi;1
dogaduje;1
dzieckiem;1
stary;1
ludziom;1
uśpić;1
zdrowego;1
psa;1
elon;1
musk;1
kupił;1
twittera;1
44;1
mld;1
dolarów;1
zapowiada;1
botami;1
stanął;1
najdłuższy;1
wiszący;1
most;1
pieszych;1
lena;1
cyrku;1
niektórych;1
magicznych;1
sztuczek;1
nadal;1
ogarniam;1
szokujący;1
pomysł;1
radnych;1
komu;1
przeszkadza;1
hałas;1
mógł;1
przeprowadzić;1
justin;1
sparaliżowaną;1
twarz;1
wyznał;1
fanom;1
graj;1
gameplanet;1
fajne;1
połączenie;1
przygodowej;1
strategią;1
spodoba;1
każdemu;1
średniowiecza;1
zarządzaj;1
własnym;1
królestwem;1
genialne;1
kulki;1
strzelaj;1
upadłego;1
lewandowski;1
innym;1
człowiekiem;1
węgla;1
200;1
palić;1
chrustem;1
opinia;1
żywią;1
naszą;1
zagnieżdżając;1
materacach;1
telewizor;1
oled;1
samsunga;1
czekano;1
dawna;1
selekcjoner;1
holendrów;1
ciężko;1
choruje;1
mówić;1
przestała;1
usuwać;1
wąsik;1
depilować;1
byłam;1
sfrustrowana;1
zimną;1
osiem;1
studentek;1
piękne;1
drzewo;1
ozdobne;1
uprawa;1
łatwa;1
szczepienie;1
przeciw;1
ospie;1
wietrznej;1
chroni;1
ospą;1
małpią;1
samochody;1
osobowe;1
zwierzęta;1
budowlanej;1
proces;1
krok;1
kroku;1
kw;1
wyciszyć;1
mieszkanie;1
książka;1
przyczyniła;1
tą;1
kobietą;1
przetrwać;1
długi;1
lot;1
samolotem;1
ratował;1
matkę;1
atakiem;1
modowe;1
trendy;1
specjalne;1
okazje;1
promocje;1
wyprzedaże;1
zakupy;1
strój;1
kąpielowy;1
kosztuje;1
49;1
obłędnie;1
wyszczupla;1
czółenka;1
skradły;1
polek;1
zachwycają;1
stylem;1
wygodą;1
luźne;1
spodnie;1
upały;1
lnem;1
niedrogie;1
przyjemnie;1
chłodzą;1
kościół;1
swornegaci;1
22;1
hektary;1
skansen;1
kosmetyczne;1
apteki;1
kosztują;1
grosze;1
cuda;1
otarcia;1
udach;1
tiktoka;1
oznak;1
zwykły;1
brzucha;1
biegiem;1
lekarza;1
citroen;1
c5;1
francuskie;1
dziecko;1
globalizacji;1
marzyłam;1
końcu;1
wynieść;1
domu;1
wycisnąć;1
pryszcza;1
dermatolog;1
błaga;1
stosować;1
oglądaj;1
płk;1
kuklińskiego;1
zdecydował;1
współpracę;1
cia;1
najlepszych;1
ostatnich;1
widzieliście;1
epicka;1
inwazji;1
obcych;1
ziemię;1
reżyserii;1
mistrza;1
gatunku;1
wdowa;1
pastorze;1
pragnie;1
krwawej;1
zemsty;1
zabójcach;1
nowości;1
umów;1
randkę;1
randka;1
nieznajomym;1
zanim;1
zdecydujesz;1
singielka;1
formie;1
efekty;1
szczotkowania;1
ciała;1
30;1
portal;1
randkowy;1
wybrać;1
czuć;1
bezpiecznie;1
spróbuj;1
najtańsze;1
pojedynkę;1
kompletny;1
poradnik;1
zakopanem;1
sprawdzamy;1
faktycznie;1
biura;1
lokale;1
użytkowe;1
deweloperów;1
najpopularniejsze;1
firma;1
mogła;1
popełnić;1
błąd;1
sardynia;1
dojechać;1
samochodem;1
nieznane;1
fakty;1
nasa;1
mogliście;1
największej;1
agencji;1
kosmicznej;1
teoria;1
strzelania;1
goli;1
darwina;1
człowiek;1
juergen;1
klopp;1
znani;1
goście;1
wystrój;1
glamour;1
wesela;1
kazano;1
brać;1
kokainę;1
seksu;1
schudła;1
26;1
najwięksi;1
amanci;1
dawnego;1
kina;1
wzdychały;1
ukrywała;1
miesięcy;1
zdradziła;1
całą;1
prawdę;1
czarne;1
stringi;1
zrezygnować;1
medalistka;1
tokio;1
zmaga;1
problemami;1
stracić;1
mś;1
kasię;1
d;1
laury;1
palmer;1
tajemnicą;1
wężymord;1
smaczna;1
popularna;1
roślina;1
korzeniowa;1
5;1
przyłapano;1
płaczącą;1
toalecie;1
prawniczce;1
amber;1
serbii;1
zatrzymano;1
generała;1
sbu;1
szmaragdy;1
sanatorium;1
miłości;1
ania;1
przerywa;1
milczenie;1
relacji;1
piotrem;1
najpiękniejszy;1
basen;1
termalny;1
dumą;1
dolnośląskiego;1
uzdrowiska;1
eksperci;1
siku;1
małysza;1
dotyczące;1
ładowarek;1
działać;1
przyszłym;1
tygodniu;1
zamknięcie;1
placu;1
rodła;1
szczecinie;1
wodecki;1
uroczysty;1
zaprezentowały;1
bezużytecznej;1
nietypowych;1
pytań;1
cukier;1
jedz;1
ziemniaki;1
zimno;1
porywacz;1
dokonuje;1
morderstwa;1
mieli;1
noże;1
grozili;1
kasia;1
umawia;1
randki;1
facetom;1
tindera;1
znokautowana;1
radość;1
chinki;1
cholesterol;1
produktów;1
roberta;1
polak;1
b;1
odrobili;1
zadanie;1
belgią;1
unia;1
straci;1
lidera;1
kołodziej;1
rozpoczął;1
wypadek;1
rozbite;1
tramwaj;1
rozenek;1
prezentuje;1
smukłą;1
sylwetkę;1
fijał;1
kowbojka;1
drabik;1
wraca;1
wrocławia;1
sparta;1
zazdrościć;1
motorowi;1
odwołał;1
koncerty;1
tajemniczą;1
ugotować;1
ryż;1
wody;1
wypróbuj;1
patent;1
lewy;1
obietnicą;1
transferu;1
barcelony;1
dzięki;1
słowom;1
dziwne;1
oznaczać;1
poważną;1
obserwuj;1
nogi;1
naprawdę;1
święta;1
bezdomna;1
suczka;1
bólu;1
postanowiła;1
wykarmić;1
osierocone;1
szczenięta;1
stracił;1
wzrok;1
wskutek;1
nieszczęścia;1
dawniej;1
uważany;1
afrodyzjak;1
ogrodzie;1
świątek;1
obserwacją;1
wimbledonem;1
wstrząsnął;1
francją;1
luwru;1
zamieszany;1
gangi;1
sklepach;1
żabka;1
pojawią;1
etykiety;1
cenowe;1
wykorzystają;1
ogniwa;1
perowskitowe;1
kolejna;1
zaleta;1
spania;1
partnerem;1
zaskoczeni;1
samoloty;1
wojskowe;1
stworzyły;1
zagrożenie;1
bałtykiem;1
śpiewała;1
chórkach;1
piasecznego;1
latach;1
mówi;1
niedzielę;1
wakacyjna;1
korekta;1
kolejowego;1
rozkładu;1
jazdy;1
pkp;1
sikasz;1
prysznicem;1
niebezpieczne;1
szczególnie;1
kobiet;1
poznałam;1
kursie;1
żałuję;1
poszłam;1
głosem;1
kwiatkowski;1
pojedzie;1
mistrzostwach;1
odkryli;1
robaki;1
plastik;1
trener;1
bayernu;1
rozmawiał;1
mane;1
wkrótce;1
zastąpi;1
reprezentantka;1
zagra;1
włoszech;1
drużyny;1
beniaminka;1
2;1
jednorodzinny;1
środku;1
las;1
niesamowity;1
spalić;1
oponkę;1
stałe;1
włącz;1
owoc;1
diety;1
hołd;1
the;1
odder;1
side;1
kampania;1
endless;1
summer;1
majorki;1
wielkie;1
europejskie;1
wyróżnienie;1
niki;1
prevc;1
nagroda;1
imienia;1
piotra;1
nurowskiego;1
kogo;1
komary;1
ekspert;1
wyjaśnia;1
talent;1
błyszczy;1
16-latek;1
gwiazdą;1
98;1
pzla;1
mistrzostwa;1
kaczmarek;1
zalewski;1
400;1
m;1
pojechali;1
wenecji;1
zgłodnieli;1
jednej;1
przewidzieli;1
media;1
rozszerzyć;1
światową;1
koalicję;1
przeciwko;1
damskie;1
koszule;1
zapinają;1
męskich;1
ukąszenia;1
komarów;1
produkty;1
mogliśmy;1
usłyszeć;1
wokal;1
zwróciła;1
młodych;1
tchouaméni;1
piłkarzem;1
realu;1
madryt;1
legenda;1
wspiera;1
wyjątkowa;1
koszulka;1
kadra;1
legii;1
okres;1
przygotowawczy;1
zlm;1
tour:mareczko;1
wreszcie;1
zwycięski;1
romans;1
księcia;1
britney;1
spears;1
ujawnił;1
biograf;1
pożegnała;1
kolejnym;1
bramkarzem;1
king’s;1
party;1
celtic;1
fc;1
podziękowaniu;1
artura;1
boruca;1
niewypał;1
transferowy;1
barcy;1
przenosin;1
francji;1
wyglądają;1
prawdziwe;1
patośniadania;1
patopaśnikach;1
pojawił;1
drugi;1
zmarzlik;1
zaczął;1
lepiej;1
króla;1
sukcesu;1
zmieniają;1
polskę;1
kończy;1
zmieniała;1
nicki;1
pedersen;1
dobre;1
upadku;1
wygrana;1
rozegrali;1
kibice;1
stali;1
muszą;1
martwić;1
sternik;1
przejął;1
władzę;1
uderzają;1
kraśkę;1
zarabiał;1
płacił;1
podatków;1
le;1
mans;1
przyciąga;1
magnes;1
wystartuje;1
kubica;1
kubera;1
powalczy;1
grand;1
prix;1
2023;1
ferron;1
takich;1
chwil;1
sejmem;1
zapaliły;1
namioty;1
sevilli;1
potwierdził;1
gwiazda;1
zespołu;1
odejść;1
trovato;1
afryka;1
silniejsza;1
uwierzy;1
możliwości;1
wta;1
birmingham;1
katarzyny;1
kawy;1
zaskakująca;1
polki;1
nba;1
green;1
przyjął;1
decyzji;1
kerra;1
słuszna;1
miała;1
zamordować;1
koleżankę;1
ludzie;1
pisali;1
wyryją;1
ciele;1
criterium;1
du;1
dauphine;1
carlos;1
verona;1
primož;1
roglič;1
podsumowują;1
etap;1
marc;1
hirschi;1
drugą;1
wygraną;1
sezonie;1
przygotowania;1
naprzodu;1
janów;1
trwają;1
milan;1
finalizuje;1
wzmocnienie;1
drugiej;1
linii;1
muzyka;1
wikingowów;1
dzieło;1
stworzyłem;1
gó***anych;1
instrumentów;1
mapa;1
serwisów;1
prywatność;1
reklama;1
©;1
ringier;1
axel;1
springer;1
sp;1
o.o;1
powered;1
ring;1
publishing;1
developed;1
ras;1
tech;1
